Model,Accuracy,MacroF1,BalancedAccuracy,UnnecessaryOrderRate,MissedUsefulOrderRate,DecisionConsistencyProxy
BoostedTrees,0.7808,0.625376080787373,0.611439160963127,0.0192,0.032,0.8288
RandomForest,0.7776,0.602324909879977,0.592117939943273,0.0208,0.0336,0.824
Logistic,0.7744,0.590741531278735,0.58656469663337,0.016,0.0416,0.8208
NeuralNet,0.7696,0.618562972481579,0.60435550006166,0.0176,0.04,0.8192
CART,0.7408,0.606501481566349,0.593924381859662,0.0192,0.0528,0.7872
SVM,0.5088,0.224814422057264,0.333333333333333,0.1408,0,0.5152
HybridMLMechanistic,0.5888,0.407801967353287,0.424395600007985,0.0448,0.0848,0.6096
