Policy,PCR_Order_Rate,Expected_Return72h,Expected_ICUTransfer,Expected_UnnecessaryAbx,Expected_CompositeHarm,Decision_Agreement_With_Observed,Decision_Agreement_With_PolicyRef
PureML_SVM,0.9872,0.136519557602413,0.0690910114080739,0.399971379357136,0.165609930785339,0.4752,0.4864
PureML_Logistic,0.504,0.156490971292191,0.0775299952988835,0.359194575658028,0.169395350567701,0.7952,0.8096
PureML_BoostedTrees,0.5152,0.156995021099503,0.0779478754863651,0.360131175179655,0.169955750950935,0.7552,0.76
PureML_RandomForest,0.4928,0.158044180663438,0.0788189288258224,0.358229411780187,0.170352388743622,0.8096,0.824
PureML_CART,0.496,0.158175960764214,0.0787853340582532,0.358530062031156,0.170460061670516,0.7904,0.8016
Observed_Care,0.472,0.159542623490547,0.0790142234678534,0.356582779953245,0.170765714775144,1,0.9664
Hybrid_ML_Mechanistic,0.504,0.160343140552034,0.0794338721515562,0.359423209425812,0.171840910386623,0.6256,0.6336
